,GEO.id,GEO.id2,GEO.display-label,EST_VC03,EST_VC05,EST_VC06,EST_VC11,EST_VC12,EST_VC13,EST_VC41,EST_VC42,EST_VC48,EST_VC55,EST_VC56,EST_VC58,EST_VC59,EST_VC63,EST_VC91,EST_VC92,EST_VC93,EST_VC94,EST_VC95,EST_VC108,EST_VC110,EST_VC112,EST_VC115,EST_VC116,EST_VC134,EST_VC135,EST_VC166,EST_VC167,EST_VC171,EST_VC187,EST_VC190,EST_VC191,EST_VC192,EST_VC194,EST_VC281,EST_VC283,EST_VC284,Year
1,0400000US01,01,Alabama,98.7,0.1,0.0,6.6,17.5,9.9,4541656,59.5,1815865,33.0,14.5,2.3,18.5,3.10,73.3,20.4,597228,66.2,28.0,21.2,1155351,28062,2764866,3.8,9.1,6.0,95.9,4.1,61.5,11.8,1.1,2.3,24.0,2079965,21.4,19.4,13.7,2008
25,0400000US02,02,Alaska,91.9,0.3,0.0,7.5,18.8,11.7,664877,53.2,237607,33.8,18.3,4.7,15.5,3.38,69.7,25.1,95517,66.5,28.1,29.2,173966,4496,372193,3.4,13.3,9.0,85.2,14.8,73.6,14.4,4.6,5.9,18.4,339851,10.3,8.8,7.5,2008
41,0400000US04,04,Arizona,97.4,0.1,0.0,7.9,18.3,9.2,6381018,53.0,2273842,34.5,16.8,3.9,17.8,3.46,72.9,21.7,843929,68.1,27.1,24.1,1548377,33460,3708238,4.0,12.9,5.7,72.5,27.5,63.6,13.1,2.5,4.9,25.0,2947910,20.4,19.2,12.5,2008
94,0400000US05,05,Arkansas,98.0,0.1,0.0,7.0,17.6,9.8,2774832,60.1,1114041,32.5,14.4,2.6,18.1,3.05,72.8,19.5,366354,66.7,26.6,18.3,690561,15300,1680928,4.1,10.8,7.0,93.9,6.1,61.4,12.6,1.5,3.3,21.3,1273320,24.6,22.9,14.8,2008
117,0400000US06,06,California,96.4,0.3,0.0,7.3,18.1,10.5,35890478,50.6,12176760,32.1,15.2,4.0,16.9,3.57,68.2,26.0,5248256,63.5,31.0,28.8,9399440,181100,20835341,4.8,10.4,4.2,57.7,42.3,65.5,11.9,2.5,4.8,27.0,17124518,18.1,17.3,11.5,2008
272,0400000US08,08,Colorado,96.9,0.2,0.0,7.2,17.2,9.5,4830150,58.9,1897835,36.3,18.1,4.2,18.2,3.17,68.1,24.5,648638,63.9,29.5,35.1,1253964,18863,2882038,3.2,9.9,9.2,83.0,17.0,71.0,11.3,2.6,6.3,24.6,2583902,14.8,13.4,10.2,2008
322,0400000US09,09,Connecticut,97.9,0.2,0.0,6.0,17.2,9.3,3388234,59.0,1329305,33.1,14.7,3.2,18.4,3.13,67.7,25.1,468408,62.6,30.8,34.5,869841,13031,2160148,2.7,7.5,4.3,80.2,19.8,68.8,8.8,1.3,4.1,25.1,1790668,12.1,11.1,8.3,2008
363,0400000US10,10,Delaware,98.3,0.3,0.0,6.8,16.8,9.8,848985,57.9,328654,32.4,14.6,3.2,17.8,3.14,67.7,25.2,114044,62.3,32.1,27.1,218161,4533,526112,4.0,8.5,5.7,89.4,10.6,66.0,10.6,1.7,3.0,25.0,420977,13.3,12.8,8.9,2008
379,0400000US11,11,District of Columbia,98.0,0.1,0.0,6.1,12.8,12.9,556627,54.7,249996,57.1,26.0,5.7,31.0,3.31,52.1,39.9,79930,50.0,42.9,46.2,174240,3827,343587,3.2,10.8,7.6,85.6,14.4,68.0,6.6,3.7,4.7,29.5,306366,25.7,25.6,15.1,2008
391,0400000US12,12,Florida,98.1,0.1,0.0,6.2,15.6,8.9,17902549,58.2,7057285,35.1,16.2,3.7,19.0,3.13,70.3,22.5,2199105,63.5,29.9,24.5,4301117,85604,11523342,3.4,9.8,5.8,74.1,25.9,61.8,10.3,2.3,4.5,25.9,8401290,18.0,16.6,11.8,2008
501,0400000US13,13,Georgia,98.6,0.1,0.0,7.6,18.7,9.8,9415488,54.8,3469845,31.9,14.8,3.2,17.1,3.31,72.1,19.8,1349949,65.8,27.4,27.2,2518541,55718,5497784,4.4,8.7,8.2,87.5,12.5,66.8,11.9,1.8,4.8,27.0,4558341,19.7,18.1,12.7,2008
555,0400000US15,15,Hawaii,78.6,6.3,0.8,6.7,15.4,10.1,1253999,52.7,437105,30.6,15.1,4.0,15.5,3.43,66.7,26.3,152317,62.6,30.9,29.1,305513,5884,781950,6.4,9.6,4.9,74.6,25.4,67.5,16.2,3.4,4.6,26.1,630229,9.6,8.4,8.9,2008
597,0400000US16,16,Idaho,97.4,0.1,0.0,7.9,19.2,9.9,1489274,59.4,566004,30.0,15.0,3.9,15.0,3.12,70.9,23.1,203395,68.7,26.1,22.7,366226,6301,847124,3.0,11.2,7.9,89.9,10.1,66.6,12.9,3.6,5.3,20.2,724740,15.1,12.9,11.4,2008
611,0400000US17,17,Illinois,98.3,0.1,0.0,6.9,17.7,10.3,12556223,56.4,4766252,34.1,15.7,3.1,18.4,3.29,68.1,24.4,1790235,62.9,30.1,29.4,3268056,63319,7493651,3.4,8.6,4.5,78.1,21.9,67.7,9.4,1.6,4.0,28.5,6343853,16.8,15.4,10.6,2008
683,0400000US18,18,Indiana,98.1,0.1,0.0,7.0,17.9,9.7,6188016,60.3,2480570,33.5,16.1,3.4,17.4,3.06,70.9,22.7,841128,66.3,28.0,22.4,1573390,33575,3741017,3.0,9.7,6.1,92.8,7.2,66.8,10.1,1.5,3.1,23.2,3090635,17.9,16.1,11.3,2008
726,0400000US19,19,Iowa,98.5,0.1,0.0,6.6,17.0,10.5,2896874,63.9,1215351,34.9,16.2,3.7,18.6,2.92,67.4,25.3,398386,62.3,30.7,24.2,715128,12938,1786251,1.9,9.8,6.5,93.6,6.4,70.2,11.0,1.4,4.4,18.5,1601243,13.8,12.1,10.6,2008
749,0400000US20,20,Kansas,97.3,0.1,0.0,7.2,17.7,10.6,2719982,62.0,1110829,33.7,16.0,3.0,17.7,3.00,67.3,25.1,382258,64.4,29.5,28.9,682702,14479,1611110,2.5,10.3,7.0,90.1,9.9,70.5,10.3,1.5,4.2,19.1,1449434,14.0,12.1,10.2,2008
782,0400000US21,21,Kentucky,98.6,0.1,0.0,6.6,17.0,9.1,4154217,61.0,1686277,33.2,15.0,2.4,18.3,3.03,72.2,21.2,535304,65.9,27.8,19.7,1057585,21917,2573497,3.4,8.6,6.4,95.8,4.2,61.1,11.3,1.0,2.9,22.6,1906465,23.0,21.0,15.4,2008
803,0400000US22,22,Louisiana,98.9,0.1,0.0,7.0,18.1,10.7,4287760,55.6,1625153,32.7,15.1,2.6,17.5,3.25,73.3,18.9,595754,65.7,27.5,20.4,1124309,35500,2506080,4.9,9.1,6.0,91.9,8.1,62.2,10.9,1.9,2.4,25.3,1993397,24.4,22.4,14.8,2008
828,0400000US23,23,Maine,98.4,0.1,0.0,5.4,15.5,8.6,1278584,63.7,542363,36.6,16.3,4.6,20.3,2.88,70.8,24.0,156407,63.9,31.4,26.1,317790,4520,853230,2.3,8.6,5.7,92.9,7.1,66.0,10.9,1.8,5.2,23.3,664571,15.3,13.7,11.4,2008
843,0400000US24,24,Maryland,97.9,0.2,0.0,6.6,17.2,9.8,5490748,56.4,2092692,33.3,14.5,3.2,18.8,3.22,67.6,25.3,776446,60.3,33.6,34.7,1464034,28186,3370575,3.6,6.7,5.9,84.9,15.1,70.6,10.8,1.3,3.8,31.5,2951517,9.8,9.0,7.4,2008
897,0400000US25,25,Massachusetts,97.9,0.1,0.0,5.9,16.1,10.3,6254371,58.1,2467323,36.4,16.3,3.8,20.1,3.17,64.1,28.5,873217,58.8,34.6,37.3,1676571,27213,3978439,2.7,7.8,5.0,79.0,21.0,68.9,8.6,1.7,3.9,27.3,3390763,11.6,10.9,9.4,2008
962,0400000US26,26,Michigan,97.8,0.2,0.0,6.2,17.7,9.8,9745075,58.5,3810801,33.7,15.7,3.0,18.0,3.16,68.6,25.4,1395904,62.9,31.8,23.9,2484965,47833,5989677,2.9,9.4,5.0,91.2,8.8,63.9,9.4,1.2,3.5,24.0,4568252,19.0,17.8,12.8,2008
1023,0400000US27,27,Minnesota,98.2,0.1,0.0,6.8,17.1,9.9,5076803,62.3,2089449,35.7,17.0,3.7,18.7,3.02,69.2,23.7,685603,63.2,30.2,30.9,1303385,25465,3095320,1.9,7.6,6.1,90.3,9.7,72.2,9.4,1.7,4.9,22.6,2826129,10.9,9.8,9.1,2008
1071,0400000US28,28,Mississippi,99.1,0.0,0.0,7.3,18.7,10.6,2838766,56.5,1094208,31.0,14.4,2.6,16.6,3.16,73.2,20.5,419606,63.6,29.9,19.6,734070,21851.0,1657730,5.2,8.8,6.3,96.4,3.6,60.9,12.3,1.7,2.2,24.1,1257832,30.2,29.0,17.9,2008
1087,0400000US29,29,Missouri,98.0,0.1,0.0,6.7,17.3,9.7,5742733,60.8,2330040,34.4,15.7,3.2,18.6,3.04,70.9,22.2,771465,65.0,29.1,24.5,1465150,26440.0,3508959,2.9,9.6,7.0,94.4,5.6,66.5,11.1,1.2,4.2,23.8,2888439,18.2,16.3,11.7,2008
1127,0400000US30,30,Montana,97.6,0.1,0.0,6.4,16.6,10.0,940844,60.4,375598,36.7,18.3,3.9,18.4,3.11,70.8,23.7,118460,66.6,28.0,27.6,228795,4221.0,585323,2.4,9.0,8.1,95.3,4.7,66.2,11.4,2.7,6.5,17.9,483916,19.7,17.8,13.1,2008
1141,0400000US31,31,Nebraska,97.8,0.1,0.0,7.3,17.7,10.4,1730439,61.7,704143,35.0,16.7,3.2,18.3,3.04,67.6,25.0,243929,63.0,31.1,26.6,429867,7569.0,1027270,2.0,9.8,6.7,90.9,9.1,72.2,10.2,1.3,4.9,18.0,954432,12.9,11.2,9.9,2008
1161,0400000US32,32,Nevada,96.8,0.3,0.0,7.6,18.1,8.5,2566803,54.6,952856,35.5,19.4,5.3,16.0,3.32,76.3,19.3,312334,71.3,24.6,21.2,632088,11718.0,1516240,3.7,14.7,5.6,72.1,27.9,69.1,12.1,2.0,3.0,24.0,1273822,14.5,13.2,10.0,2008
1198,0400000US33,33,New Hampshire,98.6,0.1,0.0,5.7,16.6,9.1,1277158,61.2,505286,31.7,15.6,4.8,16.1,3.01,69.5,23.7,165093,64.9,29.2,32.3,330453,3392.0,825410,2.2,6.9,5.8,92.1,7.9,71.1,8.4,1.4,5.1,26.0,720067,8.5,7.6,7.2,2008
1212,0400000US34,34,New Jersey,98.1,0.1,0.0,6.4,17.2,8.9,8486322,56.2,3154012,31.3,13.9,2.8,17.3,3.29,69.6,22.2,1142991,63.6,28.5,33.2,2168090,38618.0,5347123,3.4,5.8,4.0,72.1,27.9,68.0,9.1,2.2,3.3,30.1,4385019,12.1,11.2,7.5,2008
1295,0400000US35,35,New Mexico,96.8,0.2,0.0,7.4,17.9,10.3,1942019,55.7,741399,35.0,17.1,3.5,17.9,3.26,69.5,23.9,268984,65.5,30.0,24.8,484932,15617.0,1136299,4.0,10.0,6.2,64.6,35.4,63.0,12.7,2.4,4.5,21.9,903291,23.9,21.6,14.8,2008
1324,0400000US36,36,New York,98.0,0.1,0.0,6.2,16.4,10.3,18881537,54.8,7137482,35.8,15.9,3.4,19.9,3.33,67.0,26.4,2600033,61.4,32.7,31.8,5010234,84851.0,11782087,3.4,6.7,3.8,71.0,29.0,64.6,7.7,1.7,3.9,31.6,9430635,18.8,18.2,12.0,2008
1446,0400000US37,37,North Carolina,98.3,0.1,0.0,7.0,17.3,9.7,8940285,60.1,3595175,33.3,15.2,3.3,18.1,3.05,70.9,22.2,1213415,64.6,29.4,26.1,2324058,44884.0,5473870,3.4,9.3,7.3,90.2,9.8,66.3,11.5,1.3,4.3,23.4,4375102,19.5,18.2,12.8,2008
1498,0400000US38,38,North Dakota,98.7,0.0,0.0,6.3,15.7,12.7,614274,67.5,274743,37.8,19.4,3.6,18.4,2.82,61.5,32.2,79948,59.0,36.3,27.1,154315,3144.0,370352,1.4,9.1,7.2,94.5,5.5,71.0,10.0,1.7,6.1,16.0,349140,14.8,12.9,11.0,2008
1507,0400000US39,39,Ohio,98.2,0.1,0.0,6.5,17.3,9.5,11171144,59.9,4508871,34.9,15.9,2.9,19.0,3.08,70.0,23.2,1525658,63.9,30.1,23.3,2835019,59722.0,6898643,3.0,9.8,5.0,94.0,6.0,66.0,8.9,1.2,3.3,22.9,5559664,18.1,16.2,11.7,2008
1564,0400000US40,40,Oklahoma,93.4,0.3,0.0,7.2,17.7,10.3,3527094,60.0,1407933,33.5,14.8,2.8,18.7,3.09,70.5,21.8,475161,66.0,27.8,21.6,885806,18268.0,2096194,3.9,11.0,8.1,91.6,8.4,63.9,11.9,1.7,3.6,21.2,1711674,22.0,20.4,13.7,2008
1609,0400000US41,41,Oregon,96.5,0.2,0.0,6.4,16.5,9.0,3708440,59.5,1474755,36.3,16.7,4.2,19.6,3.09,70.0,23.6,457556,66.0,28.6,27.5,917183,18499.0,2306747,2.6,10.4,7.0,86.0,14.0,65.3,10.8,3.2,5.9,22.5,1840290,17.5,16.0,12.3,2008
1655,0400000US42,42,Pennsylvania,98.5,0.1,0.0,5.9,16.3,9.7,11978310,61.0,4904554,34.7,15.7,3.1,19.0,3.03,68.8,24.5,1569333,62.5,31.4,25.1,3015658,59978.0,7732011,2.7,7.5,4.7,90.6,9.4,64.0,9.7,1.3,3.4,25.8,6036542,16.4,15.3,10.8,2008
1722,0400000US44,44,Rhode Island,98.1,0.1,0.0,5.8,16.0,10.8,1012433,57.3,399107,37.9,16.9,3.5,21.0,3.24,60.6,30.7,146034,58.5,36.6,28.9,271493,5687.0,641671,2.9,7.8,4.1,80.0,20.0,66.7,8.0,1.7,3.7,23.1,519504,15.2,14.4,10.6,2008
1741,0400000US45,45,South Carolina,98.4,0.1,0.0,6.7,17.1,10.1,4333829,58.2,1702300,32.9,14.8,2.9,18.1,3.13,72.5,21.4,570524,65.9,28.2,23.2,1108257,32282.0,2668170,3.9,8.3,6.4,93.9,6.1,62.9,10.9,1.8,3.7,23.3,2020226,21.5,19.5,13.7,2008
1768,0400000US46,46,South Dakota,97.8,0.1,0.0,7.2,17.4,10.4,772914,62.6,319926,35.5,16.9,2.9,18.6,3.01,71.6,21.0,102431,63.0,30.3,25.0,189429,4289.0,467666,1.9,8.1,6.8,94.0,6.0,70.6,9.8,1.6,5.2,16.4,423257,17.1,15.4,10.8,2008
1782,0400000US47,47,Tennessee,98.5,0.1,0.0,6.7,17.1,9.0,6062405,60.1,2434683,33.3,15.2,2.7,18.2,3.07,72.4,21.2,773234,67.5,26.7,22.2,1543855,39693.0,3747566,3.8,9.8,6.3,94.3,5.7,64.3,10.6,1.2,3.4,24.0,2921253,21.5,19.5,13.5,2008
1822,0400000US48,48,Texas,98.0,0.1,0.0,8.3,19.4,10.2,23729772,53.6,8422249,30.3,14.7,2.9,15.6,3.42,72.6,20.5,3359871,68.0,25.5,24.5,6174011,142550.0,13298509,5.1,10.8,6.7,66.2,33.8,66.6,12.4,2.0,3.8,25.1,11463230,22.3,20.6,13.2,2008
1921,0400000US49,49,Utah,97.9,0.1,0.0,9.8,21.3,12.1,2692055,51.0,854244,26.0,12.7,3.4,13.3,3.67,65.3,28.0,417845,66.8,27.0,26.1,696422,9223.0,1306179,4.0,10.5,6.9,86.0,14.0,70.0,13.1,1.9,4.6,21.3,1312261,10.1,9.4,9.1,2008
1948,0400000US50,50,Vermont,98.5,0.1,0.0,5.3,15.4,10.0,599698,62.8,249986,35.8,16.3,4.6,19.5,2.9,66.2,27.2,76920,62.1,32.5,33.7,154314,2769.0,393001,1.8,7.6,5.5,94.7,5.3,70.1,11.1,1.7,6.7,21.9,339847,12.2,10.7,9.9,2008
1959,0400000US51,51,Virginia,97.9,0.2,0.0,6.7,16.7,10.2,7519452,59.5,2961083,32.5,14.7,3.3,17.8,3.08,67.5,25.9,1025487,62.1,31.9,32.9,1987524,32152.0,4635428,3.4,7.0,8.5,86.7,13.3,68.5,10.9,1.5,4.3,26.9,3874420,13.5,12.4,9.1,2008
2018,0400000US53,53,Washington,96.0,0.3,0.0,6.6,16.9,9.4,6405562,59.6,2547663,35.8,17.1,4.2,18.6,3.09,70.8,22.7,816796,66.7,27.7,29.5,1632826,27277.0,3914058,2.7,10.8,6.2,83.3,16.7,67.0,12.2,2.2,5.0,25.4,3219312,13.8,12.5,10.4,2008
2089,0400000US54,54,West Virginia,98.6,0.1,0.0,5.7,15.5,9.0,1768914,63.7,749586,34.5,15.8,2.5,18.6,2.91,71.0,23.2,205216,66.7,29.0,17.4,429609,8909.0,1151259,3.2,7.1,5.4,97.9,2.1,56.5,10.9,1.4,3.0,25.4,784388,22.4,19.3,15.4,2008
2103,0400000US55,55,Wisconsin,98.4,0.1,0.0,6.4,16.9,9.9,5464836,62.2,2249630,34.8,16.5,3.5,18.3,2.99,69.9,24.1,728692,64.1,30.6,26.0,1385594,23074.0,3383117,2.0,8.9,5.3,91.9,8.1,70.0,9.8,1.9,3.8,21.7,2966446,12.9,11.6,9.5,2008
2148,0400000US56,56,Wyoming,97.2,0.0,0.0,7.1,16.9,10.4,518032,61.4,208613,35.0,17.0,3.3,18.0,3.06,71.6,20.1,67081,65.2,29.3,24.1,128655,3293.0,310045,3.8,9.6,8.0,94.1,5.9,70.7,12.7,2.4,5.0,18.7,283908,11.2,9.6,8.7,2008
0,0400000US01,1,Alabama,4822023,1.5,0.1,4822023,48.5,51.5,49.3,50.7,700359,58.0,30.6,4.0,1.4,1845169,1858893,51.1,3.0,11.7,1.9,5.6,41.5,27.0,70.8,23.3,23.4,23.2,681363,42.7,4764428,50.1,56167,43.8,56.2,107512,1.8,9.1,22.3,2012
1,0400000US02,2,Alaska,731449,7.2,0.7,731449,52.1,47.9,53.5,46.5,62119,53.2,32.8,6.7,2.8,251651,300043,45.8,1.9,11.6,1.5,5.6,41.7,26.4,70.7,23.4,24.9,31.3,60928,40.1,721186,46.3,27288,42.3,57.7,25025,1.9,8.1,24.4,2012
2,0400000US04,4,Arizona,6553255,2.7,0.2,6553255,49.8,50.2,51.7,48.3,971086,54.9,30.6,6.7,2.6,2392168,2570325,48.4,2.5,10.9,1.7,4.3,41.7,28.2,69.3,26.3,28.4,26.4,959580,33.8,6468907,47.7,344372,44.8,55.2,531555,1.8,11.9,22.3,2012
3,0400000US05,5,Arkansas,2949131,1.8,0.1,2949131,49.1,50.9,50.2,49.8,441107,59.3,29.4,4.6,1.8,1143859,1141359,52.8,2.9,11.9,2.0,6.6,42.0,25.8,70.7,21.4,20.3,21.6,425525,41.4,2912680,51.9,41071,50.9,49.1,88094,1.7,6.6,24.2,2012
4,0400000US06,6,California,38041430,4.0,0.3,38041430,49.7,50.3,51.6,48.4,4599393,50.1,32.5,7.1,2.3,12552658,15018551,47.4,2.1,8.3,1.9,5.5,38.1,30.5,65.9,28.4,31.2,30.6,4502405,36.6,37572738,48.4,4899682,46.0,54.0,5401150,2.8,12.8,21.0,2012
5,0400000US08,8,Colorado,5187582,3.1,0.2,5187582,50.1,49.9,52.0,48.0,610939,58.6,29.1,6.8,2.4,1996088,2073202,51.3,1.9,10.7,1.4,6.4,39.7,29.4,65.8,27.6,37.7,37.2,595595,32.4,5123944,49.6,201312,45.8,54.2,305046,2.8,13.6,20.6,2012
6,0400000US09,9,Connecticut,3590347,2.4,0.2,3590347,48.7,51.3,50.7,49.3,532024,58.1,31.0,5.0,2.3,1357812,1419508,50.2,2.6,9.0,1.3,6.8,37.9,29.2,67.8,25.3,37.5,36.7,509635,31.7,3555319,49.0,233804,46.4,53.6,261617,2.4,11.0,26.8,2012
7,0400000US10,10,Delaware,917092,2.4,0.2,917092,48.5,51.5,50.0,50.0,140813,56.5,29.1,6.5,2.7,340308,357658,49.8,3.1,10.2,1.8,6.0,37.8,30.8,68.2,26.0,29.1,29.9,137204,32.0,906576,47.3,38082,45.0,55.0,39415,1.7,10.3,23.4,2012
8,0400000US11,11,District of Columbia,632323,2.3,0.2,632323,47.3,52.7,46.4,53.6,71901,55.5,23.6,12.1,2.9,266662,251998,28.8,1.8,8.3,2.1,8.1,25.1,45.1,50.2,41.0,54.5,51.6,69808,33.6,624847,49.2,36348,47.9,52.1,53975,4.4,21.6,20.3,2012
9,0400000US12,12,Florida,19317568,2.2,0.2,19317568,48.9,51.1,50.7,49.3,3508827,55.6,28.9,6.6,2.4,7197943,7757505,48.3,3.1,11.7,2.1,6.1,38.4,30.6,66.3,27.3,27.7,26.0,3441314,33.3,19114620,47.1,1933280,43.9,56.1,1813856,1.9,12.6,21.5,2012
10,0400000US13,13,Georgia,9919945,1.9,0.1,9919945,48.9,51.1,50.3,49.7,1139356,54.1,32.2,5.1,1.8,3532908,3783669,49.2,2.5,9.7,2.2,6.9,40.5,27.6,69.0,23.7,27.9,28.5,1109973,38.2,9796547,50.6,353192,47.2,52.8,586946,2.4,11.9,21.0,2012
11,0400000US15,15,Hawaii,1392313,14.7,7.8,1392313,50.4,49.6,53.9,46.1,210423,50.2,28.6,6.9,2.2,447748,570172,49.7,2.1,8.9,1.5,6.4,38.5,29.8,65.1,28.5,28.2,31.9,205533,34.4,1374852,42.0,140194,39.9,60.1,111672,1.4,11.0,19.2,2012
12,0400000US16,16,Idaho,1595728,2.3,0.2,1595728,50.1,49.9,51.1,48.9,211032,57.8,31.8,5.6,2.2,583106,614964,56.3,2.5,11.3,1.0,4.6,42.5,27.3,71.3,24.5,26.7,24.3,206797,35.1,1573036,50.3,37220,42.8,57.2,59348,1.8,8.9,23.3,2012
13,0400000US17,17,Illinois,12875255,2.1,0.1,12875255,49.1,50.9,50.6,49.4,1695712,56.1,31.8,5.2,2.2,4770194,5026063,49.7,2.4,8.6,1.5,6.8,39.4,28.1,67.5,25.4,31.4,31.8,1632811,35.0,12725119,50.2,840580,47.8,52.2,950750,2.1,11.1,23.0,2012
14,0400000US18,18,Indiana,6537334,2.1,0.1,6537334,49.2,50.8,50.5,49.5,889426,58.4,30.7,5.4,2.4,2480077,2542270,51.4,2.7,11.5,1.2,5.8,40.9,27.9,69.4,24.3,23.2,23.6,853449,36.1,6457067,51.7,107417,48.3,51.7,195728,1.3,7.9,22.8,2012
15,0400000US19,19,Iowa,3074186,1.8,0.1,3074186,49.6,50.4,51.0,49.0,469618,62.3,28.6,5.7,2.6,1227048,1215553,54.4,2.6,10.6,1.0,6.7,39.8,28.5,67.2,26.0,25.7,26.9,445684,32.1,3035469,51.8,53175,48.8,51.2,84683,1.9,7.0,24.5,2012
16,0400000US20,20,Kansas,2885905,2.9,0.2,2885905,49.7,50.3,51.7,48.3,394224,59.7,30.1,5.5,2.1,1113911,1127129,53.3,2.7,11.4,1.3,6.7,39.5,28.4,66.6,26.3,30.0,30.8,375663,35.1,2848708,51.6,67937,50.2,49.8,118879,2.4,8.5,24.6,2012
17,0400000US21,21,Kentucky,4380415,1.9,0.1,4380415,49.2,50.8,50.6,49.4,613626,59.7,29.0,5.2,2.3,1707004,1720998,51.9,3.0,11.9,1.9,6.3,40.9,26.6,70.8,22.6,21.2,22.3,590957,42.6,4328626,50.0,50374,43.8,56.2,87037,1.7,7.5,24.4,2012
18,0400000US22,22,Louisiana,4601893,1.5,0.1,4601893,48.9,51.1,50.0,50.0,597750,55.1,31.6,5.3,2.2,1719473,1771878,45.8,3.0,10.9,2.5,7.1,42.8,25.1,71.3,21.3,21.0,22.8,576626,42.7,4545914,52.6,68053,48.0,52.0,100099,1.5,8.6,23.5,2012
19,0400000US23,23,Maine,1329192,1.9,0.1,1329192,49.0,51.0,50.0,50.0,225973,63.7,25.1,7.2,3.9,554543,538918,52.5,3.1,13.5,0.9,5.4,39.2,28.6,71.7,22.7,26.5,29.3,219441,35.4,1315586,43.9,25188,39.0,61.0,21907,1.7,8.3,27.5,2012
20,0400000US24,24,Maryland,5884563,2.9,0.2,5884563,48.4,51.6,50.1,49.9,762681,55.3,30.7,6.0,2.2,2157717,2283540,49.4,2.6,8.5,2.4,6.4,36.3,32.2,65.0,28.2,36.9,36.9,738832,32.7,5816472,48.1,392727,45.2,54.8,446609,2.1,15.5,23.4,2012
21,0400000US25,25,Massachusetts,6646144,2.6,0.2,6646144,48.4,51.6,49.7,50.3,961031,57.8,29.8,6.5,2.5,2522394,2633255,48.4,2.6,8.6,1.8,6.4,35.7,34.0,63.0,30.1,39.4,39.2,921944,33.7,6580641,48.1,510210,46.2,53.8,485482,2.2,12.8,27.9,2012
22,0400000US26,26,Michigan,9883360,2.4,0.2,9883360,49.1,50.9,50.4,49.6,1442623,58.4,30.5,5.5,2.3,3819068,3903780,49.5,2.6,10.8,1.3,5.5,38.6,29.9,67.3,26.9,26.1,26.0,1404130,36.0,9778980,49.1,303447,48.6,51.4,303872,1.6,9.4,24.0,2012
23,0400000US27,27,Minnesota,5379139,2.4,0.1,5379139,49.6,50.4,50.7,49.3,729910,60.9,29.4,6.0,2.7,2111943,2128478,53.4,2.1,9.2,0.9,7.0,39.7,27.7,67.5,25.1,32.6,33.7,700190,31.7,5315228,49.4,182509,45.7,54.3,206815,2.0,9.7,24.7,2012
24,0400000US28,28,Mississippi,2984926,1.0,0.1,2984926,48.3,51.7,49.3,50.7,402724,54.3,32.3,4.4,1.8,1090521,1126405,47.2,3.0,11.2,2.7,6.4,40.6,27.0,70.8,22.1,19.3,21.9,388958,44.5,2947696,54.2,21299,45.3,54.7,38004,1.2,6.2,24.4,2012
25,0400000US29,29,Missouri,6021988,2.2,0.1,6021988,49.0,51.0,50.2,49.8,884325,59.6,29.5,5.7,2.5,2359135,2353637,51.0,2.9,11.4,1.8,6.0,40.6,28.2,69.5,24.5,25.9,26.9,847638,37.9,5951913,48.6,98935,43.7,56.3,129141,2.0,9.3,24.3,2012
26,0400000US30,30,Montana,1005141,2.4,0.1,1005141,50.1,49.9,51.4,48.6,158585,62.9,26.4,6.1,2.4,408938,409851,53.1,2.8,11.4,1.2,6.0,41.9,26.1,69.6,23.5,28.8,30.0,153829,36.1,995544,40.4,10413,36.3,63.7,7931,1.8,8.8,22.8,2012
27,0400000US31,31,Nebraska,1855525,1.9,0.1,1855525,49.7,50.3,51.0,49.0,256972,61.0,29.6,5.6,2.4,733570,723059,53.8,2.7,9.3,1.0,6.9,39.8,28.4,67.9,24.5,28.1,29.8,244517,33.8,1829420,51.5,42684,48.7,51.3,75838,2.0,8.2,23.3,2012
28,0400000US32,32,Nevada,2758931,3.8,0.4,2758931,50.4,49.6,51.2,48.8,359486,53.3,30.3,7.6,2.8,1006605,1106923,46.3,2.3,13.3,2.0,4.4,42.6,24.6,73.4,21.9,22.8,22.0,354755,35.8,2725280,48.5,228471,45.5,54.5,302119,1.6,11.2,15.2,2012
29,0400000US33,33,New Hampshire,1320718,1.6,0.2,1320718,49.1,50.9,50.2,49.8,194097,61.6,27.6,6.6,3.3,519137,536129,52.6,2.4,11.3,0.9,5.9,38.2,29.7,68.4,25.6,33.9,35.2,186886,31.4,1309203,45.7,34864,42.4,57.6,36505,2.0,10.3,24.5,2012
30,0400000US34,34,New Jersey,8864590,2.3,0.2,8864590,48.7,51.3,50.9,49.1,1250314,55.6,32.4,4.7,2.0,3198799,3470727,51.5,2.5,6.9,1.7,7.4,39.5,26.7,67.9,24.5,36.8,35.7,1211763,32.7,8772744,48.6,974020,46.5,53.5,909279,2.8,12.8,23.7,2012
31,0400000US35,35,New Mexico,2085538,3.0,0.1,2085538,49.6,50.4,51.3,48.7,294258,54.5,31.5,5.5,2.6,764996,813641,48.2,2.8,11.7,1.3,5.6,39.6,29.3,68.2,25.7,25.8,26.4,289580,41.4,2060595,51.3,66010,46.8,53.2,126178,1.4,10.6,26.1,2012
32,0400000US36,36,New York,19570261,2.5,0.2,19570261,48.5,51.5,50.0,50.0,2759461,54.7,31.1,6.1,2.4,7238922,7693458,46.7,2.6,7.4,2.2,6.1,37.3,31.2,65.3,28.3,32.9,33.8,2661330,33.8,19352153,47.2,2340833,45.0,55.0,2083537,2.8,11.2,27.3,2012
33,0400000US37,37,North Carolina,9752073,2.1,0.2,9752073,48.7,51.3,50.4,49.6,1346700,58.2,29.8,5.5,2.1,3731325,3777517,51.2,2.6,9.3,2.8,5.7,40.1,28.7,69.4,24.4,26.8,27.9,1304575,36.6,9640490,51.3,239280,46.5,53.5,508792,1.8,9.9,23.7,2012
34,0400000US38,38,North Dakota,699628,2.0,0.0,699628,51.1,48.9,53.4,46.6,100962,63.9,27.0,6.1,3.0,290944,290980,51.6,2.4,9.5,0.7,6.2,36.5,32.8,63.1,31.1,25.9,30.0,95030,32.6,689838,51.8,8232,46.0,54.0,11148,1.5,6.4,24.6,2012
35,0400000US39,39,Ohio,11544225,2.1,0.2,11544225,48.9,51.1,50.2,49.8,1707568,59.5,29.8,5.5,2.5,4554672,4522537,50.0,2.8,11.4,1.5,6.0,39.6,28.3,68.9,24.6,25.6,24.9,1638583,35.3,11414635,49.8,231207,46.0,54.0,220123,1.6,9.4,24.1,2012
36,0400000US40,40,Oklahoma,3814820,7.4,0.3,3814820,49.5,50.5,51.3,48.7,536007,58.0,29.9,5.7,2.1,1446667,1486394,51.6,2.9,12.5,2.0,6.5,42.6,25.4,70.6,22.9,23.4,24.2,517197,40.8,3762311,50.6,68357,46.1,53.9,144927,1.8,8.2,22.8,2012
37,0400000US41,41,Oregon,3899353,3.7,0.3,3899353,49.6,50.4,50.8,49.2,581693,58.9,27.3,8.2,3.1,1516957,1564026,50.4,2.4,11.7,1.7,5.6,38.7,30.7,66.9,27.3,30.1,29.7,572444,37.5,3857465,49.6,151720,44.2,55.8,221047,1.9,10.7,23.3,2012
38,0400000US42,42,Pennsylvania,12763536,1.9,0.1,12763536,48.8,51.2,50.5,49.5,2041930,59.5,29.4,5.4,2.4,4958249,5081824,50.2,3.1,8.5,1.9,6.4,39.1,29.1,67.5,25.7,28.2,27.4,1960414,34.6,12630082,48.7,398495,45.2,54.8,370769,1.7,9.7,26.2,2012
39,0400000US44,44,Rhode Island,1050292,2.5,0.3,1050292,48.3,51.7,49.7,50.3,158825,58.8,28.6,6.4,2.8,413083,416431,47.4,2.2,9.5,1.5,5.9,34.6,35.9,61.9,32.0,31.8,31.1,151520,33.4,1040527,46.1,71278,44.0,56.0,68847,1.7,9.6,27.0,2012
40,0400000US45,45,South Carolina,4723723,1.9,0.1,4723723,48.6,51.4,50.1,49.9,694776,57.3,30.0,5.1,1.9,1787340,1833320,49.6,3.1,9.6,3.2,5.4,40.5,28.1,70.0,24.0,25.2,25.0,676616,37.1,4668886,51.2,81907,45.0,55.0,140069,1.7,9.7,21.4,2012
41,0400000US46,46,South Dakota,833354,2.0,0.1,833354,50.1,49.9,51.8,48.2,121092,60.5,29.3,5.7,2.4,323765,330119,51.0,2.5,11.2,1.2,6.3,40.7,26.8,69.0,24.1,25.1,27.4,114328,34.9,821669,53.2,8804,45.9,54.1,14053,1.7,6.1,24.3,2012
42,0400000US47,47,Tennessee,6456243,1.7,0.1,6456243,48.7,51.3,49.8,50.2,920721,58.4,29.5,5.1,2.0,2480090,2512605,51.2,2.7,11.9,2.0,5.8,41.4,26.5,71.2,22.9,24.2,24.3,893371,39.8,6378278,52.0,105025,47.2,52.8,186616,2.0,9.2,23.3,2012
43,0400000US48,48,Texas,26059203,2.2,0.1,26059203,49.7,50.3,51.1,48.9,2837722,52.8,33.3,4.9,1.8,8970959,9953055,50.9,2.2,9.7,2.3,6.1,42.8,25.0,71.5,22.2,26.9,26.6,2754147,39.1,25711791,49.9,1436948,46.9,53.1,2832745,1.7,10.9,21.6,2012
44,0400000US49,49,Utah,2855287,2.2,0.2,2855287,50.3,49.7,50.6,49.4,271882,51.2,37.3,5.4,1.4,895691,1048088,55.9,1.6,8.5,1.4,6.4,42.0,27.0,67.1,26.2,33.2,28.3,267921,34.6,2805440,48.6,83880,46.5,53.5,156992,2.3,12.1,22.3,2012
45,0400000US50,50,Vermont,626011,1.9,0.2,626011,49.4,50.6,50.7,49.3,98489,64.1,25.0,7.8,3.9,258520,256714,51.4,2.3,11.3,1.3,6.3,35.8,33.8,63.0,30.0,33.2,38.1,95290,31.4,620224,43.1,15416,43.3,56.7,10125,2.4,9.0,27.5,2012
46,0400000US51,51,Virginia,8185867,2.9,0.3,8185867,49.0,51.0,50.8,49.2,1062133,57.7,29.6,5.9,2.0,3038967,3227240,52.0,2.3,8.9,2.0,5.9,38.2,31.7,64.6,29.0,35.9,35.1,1036160,33.6,8085389,48.1,454617,46.9,53.1,492703,2.1,14.8,21.4,2012
47,0400000US53,53,Washington,6897012,4.5,0.4,6897012,49.9,50.1,51.3,48.7,907618,58.3,29.1,7.1,2.8,2636817,2762858,51.4,2.2,10.8,1.5,5.9,40.3,27.6,68.5,25.3,32.2,31.2,887828,35.2,6815763,48.1,434688,45.1,54.9,481711,2.2,12.4,21.3,2012
48,0400000US54,54,West Virginia,1855413,1.8,0.1,1855413,49.1,50.9,50.6,49.4,311104,60.9,27.7,5.5,2.4,741544,749711,51.5,3.3,12.7,1.5,5.5,41.0,28.6,70.1,24.7,17.8,19.4,302559,43.4,1837518,45.1,12579,40.8,59.2,13267,1.8,7.8,26.0,2012
49,0400000US55,55,Wisconsin,5726398,1.9,0.1,5726398,49.6,50.4,50.8,49.2,824030,61.2,28.9,6.0,2.8,2288362,2284469,51.9,2.5,10.3,1.1,5.4,38.8,29.0,69.3,25.2,26.1,28.1,794421,32.1,5660677,51.3,115328,46.9,53.1,156681,1.6,7.9,23.7,2012
50,0400000US56,56,Wyoming,576412,2.9,0.2,576412,50.8,49.2,52.7,47.3,75050,60.1,28.3,7.0,2.8,223513,233110,53.5,2.4,12.0,1.7,6.9,39.2,29.5,66.1,26.2,24.3,25.2,72922,36.6,569734,40.8,7318,33.6,66.4,12202,1.7,7.3,20.7,2012
